"","PC1","PC2","PC3","PC4","PC5","PC6","PC7","PC8"
"body_length",0.146469674365114,0.611382125152319,-0.0967923796827059,0.269106302661068,0.0629897920137666,0.191078718473904,0.574350905908298,-0.390658176632476
"eye_length_standard",0.0886183131465818,-0.554607369411575,-0.0711204419626816,0.523229638463966,0.210841838989235,-0.370364344253161,0.0953206533470067,-0.463702526433049
"eye_protrusion_ratio",0.243267597560344,0.2525327960357,0.577344827789782,-0.0212338886791634,0.681917450089915,-0.168841747076637,-0.220818987237276,0.0314668918394997
"pronotum_width_standard",-0.53266511172265,0.0322780399768269,0.358296150912126,0.0329898779035837,-0.121792998963717,0.356424270720291,-0.346057268489609,-0.569327774359074
"abdomen_width_standard",0.187113669765554,-0.199684271496025,0.697160798778403,0.247482589232662,-0.451302647239342,0.10566099345959,0.334490636213443,0.226078624196863
"rear_leg_length_standard",0.467513444789725,0.154222815741698,-0.170393524413554,0.51361507882515,-0.182293709530287,0.295649237013081,-0.582244717966384,0.0718590300966119
"antenna_rear_leg_ratio",0.362195942580681,-0.42980093796567,-0.0513727543004157,-0.31485936377118,0.286349705466707,0.676195990721338,0.150309657828307,-0.143106635549072
"rear_trochanter_length_standard",-0.492966465901031,-0.0736243604107165,-0.0785088761638407,0.477586466625851,0.390937120186319,0.339056993417064,0.137958186339705,0.480090723101118
