"Treatment","total_count_stdz","open_habitat_spp_stdz","eurytopic_spp_stdz","forest_specialist_spp_stdz","species_richness","shannon_diversity","mean_pairwise_distance","PC1","PC2","PC3","pronotum_width_standard","rear_leg_length_standard","rear_trochanter_length_standard","eye_length_standard","body_length","antenna_rear_leg_ratio","Water_affinity","Flight_capability","antenna_length_standard"
"Forest",0.294956946742661,0.00184240362811792,0.127580705705706,0.16478978978979,10,7.29703599410243,0.173345499637766,0.29672498300166,0.853022285405838,-0.449207962799387,0.259118431792405,0.761071970205473,0.100043689617953,0.0473652350447429,16.1921143135204,0.605619492793592,0.75781709134623,0.0336806788739355,0.464024708221712
"Salvaged",0.397830866580867,0.006006006006006,0.239583333333333,0.150753432003432,12.1666666666667,7.46771097198446,0.164417737316799,-0.207292353285942,0.592449099180361,-0.497817138171701,0.26535622205407,0.72994852242571,0.105610942407903,0.0483695571119158,15.1868137757029,0.596926840988767,0.782069319215546,0.064792471042471,0.437952900618611
"Windthrow",0.336336336336336,0,0.158529064779065,0.177807271557271,10.6666666666667,7.4659323274275,0.170845619545527,0.0225609146984909,0.782302044146369,-0.366717311274838,0.263597703467172,0.743410364588816,0.102454846744408,0.0470391536730284,15.6337815487416,0.598567052778447,0.796600135442847,0.0750546661352288,0.447142772702988
